t,x
0,-2.1396819240763514
1,-2.1367870453576963
2,-2.049720979265474
3,-2.0164910937619074
4,-2.019610397488619
5,-2.0149920017406506
6,-2.006373414548425
7,-2.018616845725899
8,-2.0115138696307415
9,-2.0082226033931225
10,-2.027623169645831
11,-2.0258692659267696
12,-2.024732187232233
13,-2.016466824776065
14,-1.9730375149190988
15,-1.7073199859183283
16,-1.5941839098085033
17,-1.617937036356507
18,-1.397143808781978
19,-1.4028987427771582
20,-1.201547885440568
21,-1.1637372167772824
22,-1.0584885055149886
23,-1.0209655431889995
24,-1.0173961888560537
25,-0.8225795816583521
26,-0.7268475001705009
27,-0.6849088176316518
28,-0.5381454908531966
29,-0.3606620651803742
30,-0.22739892223931094
31,-0.17387427141522518
32,-0.1641503726633576
33,-0.16165119897469726
34,-0.15518347704544758
35,-0.15629660565501707
36,-0.06333667150086204
37,-0.06011443039774205
38,-0.03490031464546604
39,-0.02918047726872217
40,-0.03730987127324534
41,-0.04008862590908051
42,-0.04874328418242379
43,-0.0461954083578114
44,-0.046444668733534686
45,-0.045097750678740854
46,-0.06392977754060483
47,-0.07292681124481419
48,-0.15470401799054476
49,-0.22809234021071487
50,-0.41954919710432337
51,-0.4489832864502574
52,-0.5087204682294556
53,-0.5032709259869999
54,-0.5424914469836793
55,-0.5402867900739557
56,-0.7002265458690193
57,-0.6993172495078552
58,-0.7929517820314218
59,-0.8418848767735372
60,-0.8660300538620138
61,-0.8674159826539286
62,-0.9668344408856256
63,-0.9227570910482306
64,-0.9425397906286385
65,-1.1711216131584963
66,-1.165186266088312
67,-1.229846001962156
68,-1.225012948682657
69,-1.2375291641314314
70,-1.263866721642072
71,-1.279616434539457
72,-1.272110668237859
73,-1.3330069004348832
74,-1.2825728682134345
75,-1.3719097162086544
76,-1.3937784390327101
77,-1.3828615280765233
78,-1.3968999438138316
79,-1.4029256405647406
80,-1.3931375242651864
81,-1.4583583036945427
82,-1.4728861875119834
83,-1.6134459181807468
84,-1.6105089176352638
85,-1.5997153913310231
86,-1.6111155810859639
87,-1.5470255531278807
88,-1.5603862504980912
89,-1.5401889881549273
90,-1.6255567972221598
91,-1.2293970139762482
92,-1.2272684009138755
93,-1.2254873382415716
94,-1.2697339651878112
95,-1.2816560804151895
96,-1.2977009294022157
97,-1.3012144485073525
98,-1.2999511982598888
99,-1.308106789107098
100,-1.2594615681079515
101,-1.251540544431328
102,-1.2064600783084851
103,-1.1915350897192705
104,-1.179780139026727
105,-1.1908698336197197
106,-1.1905029196033792
107,-1.2223859149728713
108,-1.226734457710944
109,-1.2247567672091209
110,-1.2245002831600935
111,-1.617564032704971
112,-1.6128491607545148
113,-1.5980755456596853
114,-1.6384067055922131
115,-1.6387605625567976
116,-1.6387770294904538
117,-1.6426034728041856
118,-1.6455232984875834
119,-1.6441241759887149
120,-1.761564125829067
121,-1.76005513929081
122,-1.954297467129003
123,-1.9670754495479605
124,-1.9904955493454226
125,-1.9801895903381121
126,-1.9716802750825224
127,-2.0317369455643863
128,-2.100537635973584
129,-2.106304832935669
130,-2.1326106470729416
131,-2.158633948850128
132,-2.23925600652547
133,-2.241145888190702
134,-2.1901797204892417
135,-2.1975975397775587
136,-2.1943332079727247
137,-2.2156501377554543
138,-2.2156577232763923
139,-2.2034449266213207
140,-2.3264785058024997
141,-2.381667469436556
142,-2.3580098548544925
143,-2.4316384520282517
144,-2.4631485417866776
145,-2.509502271217079
146,-2.5164445499243695
147,-2.501659342532251
148,-2.4832593077735474
149,-2.37052957238286
150,-1.7974077150981616
151,-1.776105471924994
152,-1.6206781135182047
153,-1.5687619517822577
154,-1.5492865095155173
155,-1.549510450560182
156,-1.5259205813568362
157,-1.5233546893007497
158,-1.520736597150014
159,-1.513734547071918
160,-1.5002498292878896
161,-1.4891705867982492
162,-1.487700437271296
163,-1.4354114936953206
164,-1.4521494195598832
165,-1.4128403112495782
166,-1.384657255913499
167,-1.383949344455816
168,-1.3823878368831317
169,-1.410378611390226
170,-1.541204826974629
171,-1.4995865965397395
172,-1.5834070358836914
173,-1.5995151774948895
174,-1.6503036794090993
175,-1.6420508901193036
176,-1.6261602369557586
177,-1.6163401647957276
178,-1.6114799279738865
179,-1.627124178064473
180,-1.6581107703412323
181,-1.6305046142616313
182,-1.6416790839487274
183,-1.7758413484828974
184,-1.7747988616920667
185,-1.8162422109142498
186,-1.768276114792879
187,-1.772158297486438
188,-1.558897267216062
189,-1.5398110879733544
190,-1.5326329546705635
191,-1.559695375131291
192,-1.5364243885065785
193,-1.5112260357015999
194,-1.472213307867517
195,-1.480207066785254
196,-1.49692447806651
197,-1.5025436601824718
198,-1.5041233399920477
199,-1.4888647351608857
200,-1.4693298872399496
201,-1.502477825095199
202,-1.4955726113777685
203,-1.4735459135618576
204,-1.4743905682257918
205,-1.465800955791811
206,-1.5198252763850713
207,-1.5017395355826229
208,-1.767246043361798
209,-1.7766295668994105
210,-1.8255119528029466
211,-1.829082278861204
212,-1.8727633543759319
213,-1.9703036213438518
214,-2.0591749494491047
215,-2.054200105934174
216,-2.0907281287208574
217,-2.054358717014947
218,-2.066117201321501
219,-2.1207716127466587
220,-2.1784838937459976
221,-2.1637285502377366
222,-2.1813403278907346
223,-2.272321594263237
224,-2.2563762901555537
225,-2.282133732126015
226,-2.282706539248878
227,-2.4520014760138604
228,-2.451191792418482
229,-2.40396177909734
230,-2.4227868991271384
231,-2.5165441172103007
232,-2.488548131054688
233,-2.298176772875617
234,-2.3158305791283227
235,-2.3024339986488824
236,-2.1918284404816193
237,-2.235726246702708
238,-2.2012496236726875
239,-2.2053666837709325
240,-2.2281761454196323
241,-2.284587463777862
242,-2.2422542716507867
243,-2.2258388017662463
244,-2.1566740787822893
245,-2.172878477467876
246,-2.1684463446310485
247,-2.1683480613166624
248,-2.1629284962499544
249,-1.9090644603682345
250,-1.8862907408976477
251,-1.7860614446813663
252,-1.7376955503551539
253,-1.755691586440706
254,-1.762401003296917
255,-1.7470554372419118
256,-1.786666242710906
257,-1.7819425691600268
258,-1.7953660060968737
259,-1.7948368443646499
260,-1.7949904778561783
261,-1.799752441667053
262,-1.8190750512867002
263,-1.827386702239668
264,-1.861001292721491
265,-1.8591458312531355
266,-1.8439223394600055
267,-1.846421596227351
268,-1.8183174916961213
269,-1.834350361010281
270,-1.8479830799919348
271,-1.829842077630238
272,-1.8563172784932298
273,-1.8531300610642447
274,-1.8098607041579795
275,-1.7467549524483945
276,-1.7460669663454889
277,-1.7135861800097463
278,-1.7056735721282343
279,-1.6851468325311665
280,-1.685375282900507
281,-1.6818484377853946
282,-1.681257840937841
283,-1.6803367505534905
284,-1.6425281001075336
285,-1.6431271842266908
286,-1.6477283994127123
287,-1.6356118471250942
288,-1.6530537719299707
289,-1.7736688215391738
290,-1.7328888893062804
291,-1.8492381115301018
292,-1.8671415618440825
293,-1.9293360677523357
294,-1.9870479229570874
295,-2.0389910309270594
296,-2.0610774075012284
297,-2.1146407849858027
298,-2.118892515210074
299,-2.1354147064742732
300,-2.1331908945262543
301,-2.1412827896726436
302,-2.129514411706771
303,-2.094181540857166
304,-2.2530972291368534
305,-2.2192473051990733
306,-2.1794511967778316
307,-2.2162408595013643
308,-2.1740955406072255
309,-2.146575950476152
310,-2.245039442287608
311,-2.247511101273769
312,-2.2606699198005917
313,-2.2518237057378707
314,-2.248411768187701
315,-2.3549272195276068
316,-2.3139042591024443
317,-2.313892137368601
318,-2.2877598794967957
319,-2.2905686830464393
320,-2.213083310447056
321,-2.173053722202546
322,-1.989420320617669
323,-1.9800810375294515
324,-1.9094252480639173
325,-1.9159938245783021
326,-1.9080180128767845
327,-1.934787766190733
328,-1.9244083042622842
329,-1.9625300968713273
330,-1.931313684111512
331,-1.9297792212706293
332,-1.9291099622646901
333,-1.9430608910174871
334,-1.960470654267187
335,-1.9624210853806248
336,-1.9788875195405808
337,-1.9731772436169106
338,-1.9694536889552583
339,-1.9871297937905554
340,-2.028963929034727
341,-2.0610594036790215
342,-2.335440019202835
343,-2.416629611578759
344,-2.6010092934852227
345,-2.6050959681025034
346,-2.6701684385754128
347,-2.6907746235869006
348,-2.571357719977383
349,-2.398756501999786
350,-2.4540231706460007
351,-2.458211616307379
352,-2.43663928020335
353,-2.431610684981653
354,-2.4301605033769187
355,-2.4316914089146575
356,-2.431756390653335
357,-2.439271615228679
358,-2.455081634764149
359,-2.4489026783661236
360,-2.4471692742572144
361,-2.3744116479319177
362,-2.3116025770238524
363,-2.309318507110965
364,-2.2929125462399247
365,-2.300597782264726
366,-2.3174087789606275
367,-2.2674179356508044
368,-2.216849331004729
369,-2.1997243836631037
370,-2.1817687903041603
371,-2.184813911002452
372,-2.1566196213239444
373,-2.157728415241184
374,-2.1393951137666884
375,-2.138842988508542
376,-2.134962273805566
377,-2.122522004945583
378,-2.1416459912538635
379,-2.1184948094093206
380,-2.1085268719232855
381,-2.1379192548929056
382,-2.190549698127281
383,-2.1932616052410374
384,-2.2026722391754805
385,-2.202620821935118
386,-2.206976263046815
387,-2.252695881380309
388,-2.497104370122971
389,-2.5957521243175146
390,-2.5043427543819257
391,-2.50610877579526
392,-2.5423031634451574
393,-2.4810809379389736
394,-2.5103975086543606
395,-2.5104456529392554
396,-2.4783201452807515
397,-2.458363347521941
398,-2.460797493619506
399,-2.498002631969772
400,-2.532199514510742
401,-2.553425898884547
402,-2.5512522742272017
403,-2.5342933329534416
404,-2.5289768431724626
405,-2.5004366546488836
406,-2.4541594093614316
407,-2.4518374884254297
408,-2.4316691945004627
409,-2.4129657243005407
410,-2.5280958190448506
411,-2.439171612988478
412,-2.285412287822321
413,-2.349441367339494
414,-2.276613327794398
415,-2.1862957154933467
416,-2.200748959225029
417,-2.2459003536376287
418,-2.080861528988765
419,-2.075943847028829
420,-2.039333622677571
421,-1.979575777269433
422,-1.9426377890455653
423,-1.8927754264720202
424,-1.882806956441674
425,-1.8598777835072642
426,-1.872619214164433
427,-1.8657328968094309
428,-1.8712810365653956
429,-1.8927617287062994
430,-1.807296473058064
431,-1.8146331571728718
432,-1.9009262567075604
433,-1.8932529478840605
434,-1.9100727854663315
435,-1.9454467104349031
436,-1.9439653106832528
437,-1.945111186962058
438,-2.14049207428959
439,-2.1151499996889913
440,-2.1960969778667447
441,-2.2352826266215615
442,-2.4138319878013332
443,-2.458115008534445
444,-2.4495265020844967
445,-2.472235776709599
446,-2.4974412400404176
447,-2.6087403557611553
448,-2.591293415878688
449,-2.4520294072553024
450,-2.673540396524498
451,-2.6768684206729567
452,-2.671622759212205
453,-2.70779311698862
454,-2.6842720634376325
455,-2.6825956182478166
456,-2.6799113122612956
457,-2.6646328463916213
458,-2.6648435905894408
459,-2.7251002231090498
460,-2.2750283184063824
461,-2.181380786262763
462,-2.0229788266130093
463,-1.9866743301693044
464,-1.9281611288347336
465,-1.9206565103472666
466,-1.8779273075617402
467,-1.7638554484592
468,-1.764651597742804
469,-1.7684246355634914
470,-1.7501174986576724
471,-1.7410348293818558
472,-1.730009618329801
473,-1.6786958703085728
474,-1.6655840580099093
475,-1.6507746929070206
476,-1.6320137190307757
477,-1.5763297061405181
478,-1.5607416988373461
479,-1.5560178168505798
480,-1.622318197629691
481,-1.6434519835846784
482,-1.7278775169271765
483,-1.766814372194726
484,-1.7925696820622914
485,-1.81791241660928
486,-1.8371867382283664
487,-1.8259590527078364
488,-1.827962411209928
489,-1.8371879903872579
490,-1.8617957388058624
491,-1.8622610427274724
492,-1.8801062337141903
493,-1.8940190765215956
494,-1.9151974356851436
495,-1.8497943326031423
496,-1.8591300627434608
497,-1.934281174768571
498,-1.9010892024587531
499,-1.9173935807832212
500,-2.002353683760295
501,-2.0035830027711374
502,-2.018212674965573
503,-1.7773814775034993
504,-1.6756926533851504
505,-1.6739857112646264
506,-1.64901370686492
507,-1.6149302675780297
508,-1.6061885600863224
509,-1.6063994541357551
510,-1.589607322231607
511,-1.567493796047412
512,-1.5314549516380456
513,-1.5128080339470389
514,-1.51428769553721
515,-1.5084955244222518
516,-1.5188838397757416
517,-1.4777195975488457
518,-1.5158901778629246
519,-1.5057200146231569
520,-1.4826834623426624
521,-1.4509165763679586
522,-1.3975307619616084
523,-1.4648956626912455
524,-1.4922685419360489
525,-1.4486995467461197
526,-1.4635129439357197
527,-1.5248094270153136
528,-1.4383984013054145
529,-1.4366967225758172
530,-1.3610209866688836
531,-1.3932492946324893
532,-1.4068355694194645
533,-1.4334738864416376
534,-1.3730878421557866
535,-1.3459461446736998
536,-1.329427468178532
537,-1.3615016503802109
538,-1.3683861946872506
539,-1.374363900130599
540,-1.3977576549168633
541,-1.39934243619222
542,-1.444301240573873
543,-1.443774789348894
544,-1.4755395005733296
545,-1.495222440097335
546,-1.4615550865573603
547,-1.474382914705856
548,-1.6319782666558442
549,-1.6064692501671025
550,-1.6647701011337022
551,-1.6731446701115968
552,-1.7172979874241872
553,-1.6612451515182256
554,-1.7270715250345303
555,-1.8055223311731339
556,-1.8013898387608973
557,-1.8384930102380301
558,-1.7725113659380538
559,-1.8040214543553579
560,-1.7885810626191494
561,-1.697695163063605
562,-1.6956687677345588
563,-1.6079997745593653
564,-1.6497383936285064
565,-1.5185172381781105
566,-1.406535744928554
567,-1.4020686520327648
568,-1.4099051407573366
569,-1.3068907356198634
570,-1.2223119712040167
571,-1.2272565571382081
572,-1.1739075268449823
573,-1.179365719344517
574,-1.1704572532886075
575,-1.1890262490522026
576,-1.1356235329220183
577,-1.136680845511817
578,-1.1249670130713096
579,-1.0534871656162645
580,-1.05775427375111
581,-1.0854771730106705
582,-1.0619509853576579
583,-1.0963601160346867
584,-1.0891991723841614
585,-1.1034929780420732
586,-1.1397717214564391
587,-1.138978633279763
588,-1.1374997662689916
589,-1.1760168946186351
590,-1.2488833257264262
591,-1.2505630510494086
592,-1.3419870729845613
593,-1.3266610434997657
594,-1.2978105837559968
595,-1.2256883773332925
596,-1.1737808359447446
597,-1.1737933611259994
598,-1.1901948935788993
599,-1.229002326170373
600,-1.227510269663066
601,-1.1757172187642742
602,-1.206285728291841
603,-1.1988749225777189
604,-1.1375392012413654
605,-1.1669365943455763
606,-1.2000646782868398
607,-1.1997321703905615
608,-1.1989258647540733
609,-1.2206704775071116
610,-1.230630496238837
611,-1.23017901736561
612,-1.2173239317447235
613,-1.2219159133248372
614,-1.2517248226616968
615,-1.3124598179189122
616,-1.4702820278304498
617,-1.4710990491961597
618,-1.4529468058823312
619,-1.6027005712634337
620,-1.5116075500126285
621,-1.577079334252029
622,-1.5722748687321937
623,-1.5574224431104053
624,-1.7029430774370442
625,-1.6768909601495001
626,-1.6509450116607536
627,-1.6384168224895894
628,-1.647706281979601
629,-1.6465625117567577
630,-1.6289037831223896
631,-1.6047623488750815
632,-1.623337246641208
633,-1.6221502551914915
634,-1.657583094095748
635,-1.6771460005560086
636,-1.6406347931916856
637,-1.646410259408853
638,-1.655213433555479
639,-1.6910262383586254
640,-1.7979066236364978
641,-1.7678586474834126
642,-1.7761390031305713
643,-1.7527133645491524
644,-1.638466135422593
645,-1.6698689783352634
646,-1.792065956077117
647,-1.7813519372875724
648,-1.5942826946939463
649,-1.5895575260980133
650,-1.5789103798384823
651,-1.622586424818018
652,-1.6182291230552506
653,-1.6068296792678893
654,-1.6068897439655845
655,-1.5420973119232373
656,-1.6152156451356332
657,-1.5677566538334764
658,-1.6011802711757164
659,-1.3956681329947254
660,-1.3934190330801117
661,-1.389093187248319
662,-1.3935764139868079
663,-1.38769790197405
664,-1.415783664040072
665,-1.3964227090037675
666,-1.4005740156950441
667,-1.428239268752759
668,-1.5248842426977665
669,-1.524103269478074
670,-1.4563955555133554
671,-1.4225379028279257
672,-1.416151882971953
673,-1.3286930054235409
674,-1.236298081683442
675,-1.2694874157658047
676,-1.272283283023681
677,-1.2574374331245992
678,-1.2798237648577953
679,-1.420781262731832
680,-1.4279223020208995
681,-1.339988344672687
682,-1.3028712930167201
683,-1.2371580628840126
684,-1.229081400223899
685,-1.246408950836631
686,-1.2469514768321908
687,-1.225649213857141
688,-1.2282080602370817
689,-1.215456662325195
690,-1.2313205426199245
691,-1.269302409698792
692,-1.2600797157453494
693,-1.2922723307319575
694,-1.3671291055113794
695,-1.3057601924188262
696,-1.3051304502266399
697,-1.3694843151260812
698,-1.3739140032169097
699,-1.3827930867077134
700,-1.330537841587228
701,-1.1554264580341738
702,-1.211148883947972
703,-1.233135263210996
704,-1.2358199400373118
705,-1.2330703536299283
706,-1.2401452006302485
707,-1.27390084656208
708,-1.2778958328988332
709,-1.2838406664152793
710,-1.290906481535804
711,-1.2970196060289911
712,-1.316279197251374
713,-1.322375839910294
714,-1.2532802977098274
715,-1.3227194056965697
716,-1.3411498029252167
717,-1.3057432819761547
718,-1.2850463796138754
719,-1.2852734393211733
720,-1.3306545029072592
721,-1.7199826671020926
722,-1.695871915500181
723,-1.7040091132744126
724,-1.7090906929128598
725,-1.60982331435319
726,-1.593571194991218
727,-1.5907017183564844
728,-1.590274965026868
729,-1.5838374810116596
730,-1.5695937411909338
731,-1.5599605691514014
732,-1.5874421815703872
733,-1.5714940373237782
734,-1.6966500056174294
735,-1.697431194955349
736,-1.6978755801671426
737,-1.7262993170305108
738,-1.739500072817175
739,-1.629928005049175
740,-1.6415388317451887
741,-1.6400504781496685
742,-1.6470152496368828
743,-1.6548906443359706
744,-1.6581575034492126
745,-1.7934198206612124
746,-1.7635914179598298
747,-1.7694314945777596
748,-1.7049916421474915
749,-1.7189079710438244
750,-1.7776773774540577
751,-1.7789578249397933
752,-1.7729250065451878
753,-1.8302552527993472
754,-1.8192636905834882
755,-1.790401326590504
756,-1.7916992054174212
757,-1.7677879783668253
758,-1.7767786853867271
759,-1.8469723815328867
760,-1.8258776263795857
761,-1.7814671051943132
762,-1.781707395462716
763,-1.7825031492714438
764,-1.7614601763018503
765,-1.7637895725613346
766,-1.8415236500187462
767,-1.800080669438645
768,-1.8696059092913342
769,-1.7929728234113627
770,-1.792604487943258
771,-1.785519266326768
772,-1.7933966948780014
773,-1.7923336684016655
774,-1.827779466762345
775,-1.8911634072164483
776,-1.9092143345942791
777,-1.8945221995449208
778,-1.917871276681504
779,-1.8670882031692548
780,-1.9273358869429644
781,-1.8726016119393547
782,-1.8446231051006043
783,-1.8508627806677735
784,-1.80756077648443
785,-1.8048895655434882
786,-1.719866420323864
787,-1.7317159808031102
788,-1.7080744054998342
789,-1.747324998344811
790,-1.693289042172866
791,-1.6977534638635037
792,-1.7114960067948775
793,-1.712844489265402
794,-1.7142437516385656
795,-1.6826458131995201
796,-1.686727209423148
797,-1.696358939991762
798,-1.694848374045839
799,-1.7411421093133659
800,-1.7379277567576488
801,-1.8341915604351027
802,-1.9171676196680005
803,-1.9207521238751954
804,-1.9669026941066179
805,-1.9609005689522256
806,-2.0318324424978176
807,-2.1086413920632334
808,-2.124466235719846
809,-2.1787317319845716
810,-2.3504483891327332
811,-2.3491899887085412
812,-2.3566260885873582
813,-2.171006562148989
814,-2.1621969870726243
815,-2.084778811167191
816,-2.0727880411582906
817,-2.1523096452775223
818,-2.0916748034546457
819,-2.0850966499445622
820,-2.066591097662957
821,-1.9468196151885377
822,-1.946933199536208
823,-1.9393456961230362
824,-1.9404752218542878
825,-1.9970571961716592
826,-1.9976470222063711
827,-1.9984679623438462
828,-1.9859201601760614
829,-1.9368724488176503
830,-1.9245335099598777
831,-1.9229669681001698
832,-1.9228710530923756
833,-1.9654720574146407
834,-1.9505842863924885
835,-2.0583171835998963
836,-2.0196248845632403
837,-2.019824340371402
838,-2.060506829873861
839,-2.0570744463966295
840,-2.0310202464326177
841,-2.137153973585825
842,-2.1377116171056936
843,-2.142102694751083
844,-2.136399335692121
845,-2.142462761507168
846,-2.1262209684928237
847,-2.117857267127054
848,-2.157142510915427
849,-2.1546136075762403
850,-2.1555522078235696
851,-2.138000407562188
852,-2.1141897549725095
853,-2.206131530204989
854,-2.2023217851725003
855,-2.1978141483738485
856,-2.2155583749807697
857,-2.2146507613885746
858,-2.2525837800521655
859,-2.228675633102788
860,-2.3210338224569393
861,-2.3212274652100473
862,-2.260902525169378
863,-2.2665414617014954
864,-2.2800455102716537
865,-2.2629196004945347
866,-2.2790547297975405
867,-2.2672680779394363
868,-2.2634853441702596
869,-2.337118484746939
870,-2.3317576507989752
871,-2.3626823718753553
872,-2.345003878302829
873,-2.3458946094939357
874,-2.415757998689778
875,-2.458244356544305
876,-2.5314747600229035
877,-2.467560094918246
878,-2.418014472211337
879,-2.518662666195337
880,-2.5017264780696933
881,-2.3262964780506907
882,-2.374359489722524
883,-2.3558724714569306
884,-2.3124866401117457
885,-2.3169069281789576
886,-2.314081701352405
887,-2.368189632045398
888,-2.368148296654188
889,-2.353464233351755
890,-2.3164814298508114
891,-2.3022521849128545
892,-2.295415912693017
893,-2.296608033029175
894,-2.27033122801918
895,-2.2834814907772656
896,-2.1904349608103537
897,-2.131853994336636
898,-2.1630599233586487
899,-2.136429806443882
900,-2.03092447802674
901,-2.097928267627503
902,-2.0997249770832864
903,-2.1125668711581786
904,-2.1409068497965267
905,-2.127060336353785
906,-2.144771301351
907,-2.1436700662929233
908,-2.1235227287377394
909,-2.123787348706014
910,-2.1895164292212854
911,-2.1949266008572494
912,-2.145263168081895
913,-2.145826392461761
914,-2.160154331255509
915,-2.11932100510597
916,-2.0670058128443323
917,-2.13604858092919
918,-2.1518141092013843
919,-2.0943689206320415
920,-2.230298967369003
921,-2.213259932928725
922,-2.213618615756759
923,-2.220256324392866
924,-2.1579841425875257
925,-2.1118410527710916
926,-2.1118831043650643
927,-2.037314095080455
928,-2.040002777571013
929,-2.030088428066706
930,-2.0211734561258385
931,-2.0490810943166355
932,-2.090971724427093
933,-2.0359863944900884
934,-2.0364712800802502
935,-2.004663226657789
936,-2.077221152556865
937,-2.022821944178663
938,-2.0333168625522147
939,-2.085506494066867
940,-2.0110181821167266
941,-1.9914108736720983
942,-1.9887189142719701
943,-1.9272767876462849
944,-1.9632685781893489
945,-1.9479720050079936
946,-1.846617514965412
947,-1.8595856781489768
948,-1.8684263958663478
949,-1.873313252593637
950,-1.8778732642857678
951,-1.8703945646095825
952,-1.8182730177659943
953,-1.8425304712712907
954,-1.7628023024379584
955,-1.8178531537779687
956,-1.848327866059955
957,-1.9171307803081157
958,-1.921263213966033
959,-1.9157570259420644
960,-2.028332095102327
961,-2.1363958015596647
962,-2.159512065499317
963,-2.1789279913856676
964,-2.1672560821060483
965,-2.1894930408714357
966,-2.3298898673679926
967,-2.3142296816617174
968,-2.3087759314118848
969,-2.2854305991212382
970,-2.2646635857067294
971,-2.3384820537141584
972,-2.4749779519941093
973,-2.480740717038688
974,-2.6491640355604926
975,-2.649759535290536
976,-2.643829685105631
977,-2.6393730559718396
978,-2.6563275951994063
979,-2.388022227701346
980,-2.3387494492614507
981,-2.3402094154757545
982,-2.35032991362697
983,-2.351140173066603
984,-2.356497446145256
985,-2.3385578380223855
986,-2.3099816635204538
987,-2.2818147252841747
988,-2.2695812781025646
989,-2.2878251296174272
990,-2.2193799327467305
991,-2.2163874435265645
992,-2.2103919495841016
993,-2.2124880375544906
994,-2.3074060886352377
995,-2.297173747501186
996,-2.274319984277648
997,-2.241497036122005
998,-2.181099258430677
999,-2.3323762774520644
1000,-2.389363535035731
1001,-2.3893828554958274
1002,-2.383702370532941
1003,-2.381076997769307
1004,-2.3525109357584544
1005,-2.363314282352405
1006,-2.2012074079162463
1007,-2.187409200232281
1008,-2.170545241181445
1009,-2.1535714492515883
1010,-2.2277357986289297
1011,-2.215106217412536
1012,-2.2195129591858893
1013,-2.218377846595249
1014,-2.213458703185829
1015,-2.1056154462660297
1016,-2.1104585023549762
1017,-2.1232108803795535
1018,-2.1495225161795175
1019,-2.1229261528593546
1020,-2.1242065206461285
1021,-1.9747059473310429
1022,-1.9770563626096198
1023,-1.9681827722777392
1024,-1.980035994978844
1025,-1.9780960007958572
1026,-2.1026811938769074
1027,-2.1348491929367426
1028,-2.1663969065721043
1029,-2.1111803204178154
1030,-2.105399603490245
1031,-2.0914051185652807
1032,-2.0647836321155206
1033,-2.0716658690965044
1034,-2.0336261615514424
1035,-2.1299911093536372
1036,-2.1483315895011015
1037,-2.130363123038723
1038,-2.1346517571672363
1039,-2.156249519480166
1040,-2.1350292750412487
1041,-2.3479406897766326
1042,-2.3428889983655234
1043,-2.348034614031927
1044,-2.335767101239427
1045,-2.307545536275914
1046,-2.316007563644461
1047,-2.3397853750370055
1048,-2.297479645803242
1049,-2.3877779131101358
1050,-2.277984354740295
1051,-2.2678011439073726
1052,-2.299863841923393
1053,-2.30218587767269
1054,-2.3154777841991363
1055,-2.2827909399662505
1056,-2.1668422727572514
1057,-2.1194660787181507
1058,-2.141956801356562
1059,-2.1548117239771436
1060,-2.2145187639989192
1061,-2.2092149920326207
1062,-2.145712384035625
1063,-2.062328113096327
1064,-2.06224206208121
1065,-2.1029599092994595
1066,-2.0467860391891346
1067,-2.03895693235423
1068,-1.9761153957127418
1069,-1.9778828545165845
1070,-1.9822078223273143
1071,-1.9695672055838662
1072,-1.9315855466149878
1073,-1.931686488458691
1074,-1.9611565968010767
1075,-1.970755219673709
1076,-2.05538774463995
1077,-2.1315900425837766
1078,-2.133944442210467
1079,-2.1240132089407635
1080,-2.1245943025035006
1081,-2.1921146696356444
1082,-2.206593072728913
1083,-2.2561926784493305
1084,-2.243608272119191
1085,-2.21720944217351
1086,-2.241212176691024
1087,-2.2405094418373728
1088,-2.395506054026891
1089,-2.3682544767959444
1090,-2.3791409993947323
1091,-2.4773337885407924
1092,-2.560694500168408
1093,-2.4507952351033353
1094,-2.4502103514733116
1095,-2.456436606027758
1096,-2.455062708937953
1097,-2.4559078250682678
1098,-2.4232266440222765
1099,-2.52101299567842
1100,-2.5296173133102005
1101,-2.490646886926995
1102,-2.4903762545805073
1103,-2.4754750493811355
1104,-2.483216934695424
1105,-2.5425272984081286
1106,-2.5685057443702104
1107,-2.570488866022009
1108,-2.67531829409957
1109,-2.714316482782034
1110,-2.772049696594862
1111,-2.743882377127866
1112,-2.7313707695047658
1113,-2.8827561837955655
1114,-2.8909674973049553
1115,-2.9093023523035892
1116,-2.786468675485974
1117,-2.6113860597499547
1118,-2.6508358462923556
1119,-2.6498095922671823
1120,-2.6315491397982638
1121,-2.4212973060469576
1122,-2.3647353082279103
1123,-2.3295741886848833
1124,-2.2648094849730636
1125,-2.270916331788251
1126,-2.014593538177532
1127,-2.0083046596627776
1128,-1.9622578219375564
1129,-1.967473219547382
1130,-1.962234286496594
1131,-1.8955367260809388
1132,-1.853258379307614
1133,-1.791652487336254
1134,-1.6426627908354043
1135,-1.6134736457583585
1136,-1.6426227931546395
1137,-1.5384439256968705
1138,-1.5402610414288593
1139,-1.5433962050905785
1140,-1.5029011785331234
1141,-1.5198047669384047
1142,-1.489707695314852
1143,-1.496634937912724
1144,-1.4994006696599018
1145,-1.4991457123609613
1146,-1.5830529630374697
1147,-1.5726964269235884
1148,-1.5715318884092118
1149,-1.5682067005388205
1150,-1.5748824588856571
1151,-1.6001548246839208
1152,-1.6366230944387348
1153,-1.7031122346819723
1154,-1.815715501663851
1155,-1.8243013689851355
1156,-1.8442834933080847
1157,-1.8662940263835945
1158,-1.8399062983769559
1159,-1.8377556514304085
1160,-1.8798284173008728
1161,-1.8706435617165535
1162,-1.9326216596772543
1163,-1.9330209489597239
1164,-1.9606367330755758
1165,-1.9589979022773707
1166,-1.8800562607743945
1167,-1.9065352067257557
1168,-1.9396549328420112
1169,-1.9441903706576846
1170,-1.9417144383779477
1171,-1.95551037576575
1172,-1.953899826249588
1173,-1.9775864529127587
1174,-2.1358877003251737
1175,-2.139879890306261
1176,-2.1451545289440563
1177,-2.348610830146512
1178,-2.302562721013082
1179,-2.2696600403188416
1180,-2.300035202003138
1181,-2.3106680179515413
1182,-2.3071434613701873
1183,-2.2847809121651435
1184,-2.232483340877683
1185,-2.2403973625651985
1186,-2.401339430015473
1187,-2.403781258901714
1188,-2.3977331091698377
1189,-2.397284859790748
1190,-2.32743682488338
1191,-2.3339939625662427
1192,-2.335851100208111
1193,-2.3423190552990696
1194,-2.421698254080556
1195,-2.4069498220639476
1196,-2.175370734502679
1197,-2.2095199288988234
1198,-2.258020194308841
1199,-2.2255137610207374
1200,-1.978506123900675
1201,-1.9704154670081633
1202,-1.9755818257745625
1203,-1.9894395109087968
1204,-2.012006100371297
1205,-2.0156548179856237
1206,-1.9975144961672864
1207,-1.9376917760902121
1208,-1.9347121042931998
1209,-1.9311799158633347
1210,-1.9636881828222414
1211,-1.95811727176502
1212,-1.9574376950748227
1213,-1.957089469002985
1214,-1.9512823126681977
1215,-1.949583845907682
1216,-2.111351978956384
1217,-2.1120877525215622
1218,-2.1240494129798035
1219,-2.1624895131346307
1220,-2.544146285716748
1221,-2.586856966185765
1222,-2.5440251772439284
1223,-2.5324382953981144
1224,-2.486547076049829
1225,-2.45212687944536
1226,-2.4942557287204825
1227,-2.746642725213649
1228,-2.7105663120873955
1229,-2.061902239618164
1230,-2.061865737135784
1231,-2.025353377922495
1232,-2.0098855172644403
1233,-1.9713694547701501
1234,-1.9812569381441425
1235,-1.9450746315497016
1236,-1.924902871915793
1237,-1.925994110082483
